[{
		"model": "appicm.devicetype",
		"fields": {
			"name": "Umbrella",
			"py_mod_name": "umbrella",
			"defaultmgmtaddress": "management.api.umbrella.com",
			"supportscontroller": true,
			"parmdef": [{
				"name": "baseurl",
				"desc": "API Base URL",
				"default": "https://management.api.umbrella.com/v1",
				"display": false
			}, {
				"name": "mgmtkey",
				"desc": "Management API Key",
				"display": "slice|-8|"
			}, {
				"name": "mgmtsecret",
				"desc": "Management API Secret",
				"secret": true,
				"display": "slice|-8|"
			}, {
				"name": "netkey",
				"desc": "Network Devices API Key",
				"display": "slice|-8|"
			}, {
				"name": "netsecret",
				"desc": "Network Devices API Secret",
				"secret": true,
				"display": "slice|-8|"
			}, {
				"name": "orgid",
				"desc": "Organization ID",
				"style": "dropdown",
				"source": "getorgs",
				"args": ["baseurl", "netkey", "netsecret"]
			}]
		}
	},
	{
		"model": "appicm.pluginmodule",
		"fields": {
			"name": "umbrella",
			"description": "Cisco Umbrella",
			"entity_name": "Organization",
			"entity_name_plural": "Organizations",
			"py_mod_name": "umbrella",
			"sync_interval": 60,
			"default_icon": "https://cdn.umbrella.marketops.umbrella.com/wp-content/uploads/2020/02/25170753/2020_q1_web_blade-10-icons-01.svg"
		}
	}
]