[{
	"model": "appicm.devicetype",
	"pk": "f54e95ab-083f-4362-90e9-c0109c90e0e5",
	"fields": {
		"name": "AWS",
		"tenant": "{{tenant}}",
		"py_mod_name": "aws",
		"authtype": "d3803b98-c9f0-436b-b6ec-1c2b6bbafb67",
		"defaultmgmtaddress": "",
		"supportscontroller": true,
		"parmdef": [{
			"name": "accesskey",
			"desc": "Access Key"
		}, {
			"name": "secret",
			"desc": "Access Secret",
			"secret": true
		}, {
			"name": "region",
			"desc": "Region",
			"style": "dropdown",
			"source": "getregion",
			"args": ["accesskey", "secret"]
		}]
	}
}, {
	"model": "appicm.pluginmodule",
	"pk": "82e398ed-e662-4e0e-b644-028fc5e0a57d",
	"fields": {
		"name": "aws",
		"tenant": "{{tenant}}",
		"description": "Amazon AWS",
		"entity_name": "Region",
		"entity_name_plural": "Regions",
		"py_mod_name": "aws",
		"sync_interval": 300,
		"devicetype": "f54e95ab-083f-4362-90e9-c0109c90e0e5",
		"default_icon": "https://upload.wikimedia.org/wikipedia/commons/5/5c/AWS_Simple_Icons_AWS_Cloud.svg"
	}
}]