[{
	"model": "appicm.integrationmodule",
	"pk": "86fea9c9-1c75-4901-b815-dd2141352ff1",
	"fields": {
		"name": "meraki-auto-tunnel",
		"description": "Meraki Auto Tunnel (Umbrella SIG)",
		"notes": "This module is designed to automatically create VPN tunnels between Meraki Dashboard and Umbrella SIG. It currently requires the \"has_mx_ike_my_fqdn_option\" NFO, which only PM can enable for you.\r\n\r\nOnce the NFO is enabled, you need to add a Network Tag of \"SIG-<name>\" to any Dashboard Network that you wish a tunnel to be created for.",
		"tenant": "{{tenant}}",
		"pm1": "5bd69fd4-75b7-457a-9750-97b9861b3b61",
		"pm2": "faeb8ce2-fe68-486b-b434-7a9257e408de",
		"py_mod_name": "auto_tunnel_meraki",
		"sync_interval": 60,
		"is_multi_select": false
	}
}]