[{
		"model": "appicm.devicemodeltype",
		"fields": {
			"name": "C8300-1N1S-6T",
			"named_id": "catalyst-router-c8300",
			"size_rack_u": 1,
			"device_type": "router"
		}
	}, {
		"model": "appicm.devicemodeltype",
		"fields": {
			"name": "ISR4451-X",
			"named_id": "catalyst-router-4451",
			"size_rack_u": 2,
			"device_type": "router"
		}
	}, {
		"model": "appicm.devicemodeltype",
		"fields": {
			"name": "ISR4331/K9",
			"named_id": "catalyst-router-4331",
			"size_rack_u": 1,
			"device_type": "router"
		}
	}, {
		"model": "appicm.devicemodeltype",
		"fields": {
			"name": "C9300-24P",
			"named_id": "catalyst-switch-c9300-24p",
			"size_rack_u": 1,
			"device_type": "switch"
		}
	}, {
		"model": "appicm.devicemodeltype",
		"fields": {
			"name": "C9800-L-C",
			"named_id": "catalyst-wlc-c9800-l-c",
			"size_rack_u": 0.5,
			"device_type": "wireless_controller"
		}
	}, {
		"model": "appicm.devicemodeltype",
		"fields": {
			"name": "C9800-CL-K9",
			"named_id": "catalyst-wlc-c9800cl",
			"size_rack_u": 0.5,
			"device_type": "wireless_controller"
		}
	}, {
		"model": "appicm.devicemodeltype",
		"fields": {
			"name": "C9500-48Y4C",
			"named_id": "catalyst-switch-c9500-48y4c",
			"size_rack_u": 1,
			"device_type": "switch"
		}
	}, {
		"model": "appicm.devicemodeltype",
		"fields": {
			"name": "C9500-24Y4C",
			"named_id": "catalyst-switch-c9500-24y4c",
			"size_rack_u": 1,
			"device_type": "switch"
		}
	}, {
		"model": "appicm.devicemodeltype",
		"fields": {
			"name": "C9300-48U",
			"named_id": "catalyst-switch-c9300-48u",
			"size_rack_u": 1,
			"device_type": "switch"
		}
	}, {
		"model": "appicm.devicemodeltype",
		"fields": {
			"name": "C9300-48P",
			"named_id": "catalyst-switch-c9300-48p",
			"size_rack_u": 1,
			"device_type": "switch"
		}
	}, {
		"model": "appicm.devicemodeltype",
		"fields": {
			"name": "C9200-48P",
			"named_id": "catalyst-switch-c9200-48p",
			"size_rack_u": 1,
			"device_type": "switch"
		}
	}, {
		"model": "appicm.devicemodeltype",
		"fields": {
			"name": "AIR-AP3802I-B-K9",
			"named_id": "catalyst-ap-3802ib",
			"size_rack_u": 0,
			"device_type": "access_point"
		}
	}
]